FirstName,LastName,Email,City,Country,DateOfBirth,Age
James,Smith,person0@example.com,New York,USA,1958-10-20,65
Mary,Johnson,person1@example.com,Los Angeles,USA,1988-09-22,35
John,Williams,person2@example.com,Chicago,USA,1974-12-17,49
Patricia,Brown,person3@example.com,Houston,USA,1990-01-15,33
Robert,Jones,person4@example.com,Phoenix,USA,1991-01-09,32
Jennifer,Miller,person5@example.com,Philadelphia,USA,1998-03-02,25
Michael,Davis,person6@example.com,San Antonio,USA,1966-12-26,57
Linda,Garcia,person7@example.com,San Diego,USA,1976-04-10,47
William,Rodriguez,person8@example.com,Dallas,USA,1977-05-29,46
Elizabeth,Wilson,person9@example.com,San Jose,USA,1986-06-21,37
David,Martinez,person10@example.com,Austin,USA,1991-10-19,32
Barbara,Anderson,person11@example.com,Jacksonville,USA,1995-07-06,28
Richard,Taylor,person12@example.com,Fort Worth,USA,1963-12-28,60
Susan,Thomas,person13@example.com,Columbus,USA,1950-01-14,73
Joseph,Hernandez,person14@example.com,San Francisco,USA,1988-06-07,35
Jessica,Moore,person15@example.com,Charlotte,USA,1959-07-09,64
Thomas,Martin,person16@example.com,Indianapolis,USA,1971-07-22,52
Sarah,Jackson,person17@example.com,Seattle,USA,2002-06-03,21
Charles,Thompson,person18@example.com,Denver,USA,1952-01-05,72
Karen,White,person19@example.com,Washington,USA,1999-04-15,24
